{"log":{"1":{"content":"instruction","tag":"expansion","comment":"some details","from":{"line":0,"ch":5,"sticky":null},"to":{"line":0,"ch":16,"sticky":null}},"2":{"tag":"others","comment":"like how to install and report..."},"3":{"content":"Type","tag":"pause","comment":"Just pause.","from":{"line":0,"ch":0,"sticky":null},"to":{"line":0,"ch":4,"sticky":null}},"4":{"content":"our","tag":"fluent","comment":"Just fluent.","from":{"line":0,"ch":34,"sticky":null},"to":{"line":0,"ch":37,"sticky":null}},"5":{"content":"instruction and guidance","tag":"expansion","comment":"Like how to use UI","from":{"line":0,"ch":5,"sticky":"after","xRel":0.975006103515625},"to":{"line":0,"ch":29,"sticky":"before","xRel":-5.8375244140625}},"6":{"content":"use","tag":"excellent","comment":"keyword here.","from":{"line":0,"ch":44,"sticky":null},"to":{"line":0,"ch":47,"sticky":null}},"NaN":null},"comment":["some details","like how to install and report...","Just pause.","Just fluent.","Like how to use UI","keyword here."],"count":6}